mods,sample,ms
1000,0,0.026208000000000002
1000,1,0.02
1000,2,0.019584
1000,3,0.020417
1000,4,0.02575
1000,5,0.019917
1000,6,0.01925
1000,7,0.019166
1000,8,0.031333
1000,9,0.033041
1000,10,0.019958
1000,11,0.019833
1000,12,0.019666
1000,13,0.019458
1000,14,0.02
1000,15,0.070292
1000,16,0.019625
1000,17,0.019542
1000,18,0.019667
1000,19,0.019459
1000,20,0.0195
1000,21,0.019541000000000003
1000,22,0.019875
1000,23,0.01975
1000,24,0.019834
1000,25,0.019667
1000,26,0.019791
1000,27,0.016875
1000,28,0.017124999999999998
1000,29,0.016834
1000,30,0.019292
1000,31,0.017082999999999997
1000,32,0.017124999999999998
1000,33,0.016915999999999997
1000,34,0.032083
1000,35,0.021166
1000,36,0.017249999999999998
1000,37,0.017750000000000002
1000,38,0.017374999999999998
1000,39,0.017082999999999997
1000,40,0.016958
1000,41,0.017207999999999998
1000,42,0.016708
1000,43,0.017124999999999998
1000,44,0.018833000000000003
1000,45,0.016834
1000,46,0.017709
1000,47,0.020041999999999997
1000,48,0.019
1000,49,0.017
1000,50,0.018791
1000,51,0.016875
1000,52,0.016875
1000,53,0.016708
1000,54,0.018792
1000,55,0.027
1000,56,0.014917
1000,57,0.028625
1000,58,0.018416000000000002
1000,59,0.014959
1000,60,0.014917
1000,61,0.014916
1000,62,0.039667
1000,63,0.017667
1000,64,0.017709
1000,65,0.014624999999999999
1000,66,0.014124999999999999
1000,67,0.014042
1000,68,0.014084
1000,69,0.073625
1000,70,0.01525
1000,71,0.014624999999999999
1000,72,0.016375
1000,73,0.014917
1000,74,0.014375
1000,75,0.014417
1000,76,0.014417
1000,77,0.014375
1000,78,0.017042
1000,79,0.015916000000000003
1000,80,0.014624999999999999
1000,81,0.0145
1000,82,0.0145
1000,83,0.014375
1000,84,0.0145
1000,85,0.014542000000000001
1000,86,0.014375
1000,87,0.014624999999999999
1000,88,0.0145
1000,89,0.014542000000000001
1000,90,0.014457999999999999
1000,91,0.014417
1000,92,0.0145
1000,93,0.01475
1000,94,0.014708
1000,95,0.014375
1000,96,0.015833
1000,97,0.017249999999999998
1000,98,0.014709
1000,99,0.014417
10000,0,0.523416
10000,1,0.209125
10000,2,0.15745900000000002
10000,3,0.16141699999999998
10000,4,0.204583
10000,5,0.152
10000,6,0.141041
10000,7,0.143292
10000,8,0.14545899999999998
10000,9,0.14370799999999997
10000,10,0.14966600000000002
10000,11,0.154833
10000,12,0.159417
10000,13,0.145375
10000,14,0.140125
10000,15,0.144833
10000,16,0.145458
10000,17,0.144667
10000,18,0.139667
10000,19,0.13883299999999998
10000,20,0.148083
10000,21,0.14650000000000002
10000,22,0.162167
10000,23,0.155
10000,24,0.157291
10000,25,0.152625
10000,26,0.15270799999999998
10000,27,0.17
10000,28,0.174792
10000,29,0.17733300000000002
10000,30,0.159625
10000,31,0.1425
10000,32,0.142583
10000,33,0.139292
10000,34,0.13566699999999998
10000,35,0.140208
10000,36,0.140791
10000,37,0.142792
10000,38,0.157792
10000,39,0.149167
10000,40,0.15675
10000,41,0.185083
10000,42,0.14525000000000002
10000,43,0.14870899999999998
10000,44,0.137875
10000,45,0.136208
10000,46,0.13920800000000003
10000,47,0.146083
10000,48,0.136125
10000,49,0.13454100000000002
10000,50,0.133917
10000,51,0.136125
10000,52,0.134709
10000,53,0.13608399999999998
10000,54,0.135792
10000,55,0.235041
10000,56,0.189584
10000,57,0.126
10000,58,0.12545800000000001
10000,59,0.124833
10000,60,0.12266600000000001
10000,61,0.12324999999999998
10000,62,0.12495900000000001
10000,63,0.12358399999999999
10000,64,0.12395900000000001
10000,65,0.123208
10000,66,0.123666
10000,67,0.135125
10000,68,0.123375
10000,69,0.122917
10000,70,0.12208299999999998
10000,71,0.122042
10000,72,0.12216700000000001
10000,73,0.12204100000000001
10000,74,0.14758300000000002
10000,75,0.148083
10000,76,0.135916
10000,77,0.14375
10000,78,0.12329100000000001
10000,79,0.12275
10000,80,0.1215
10000,81,0.121667
10000,82,0.12237500000000001
10000,83,0.120709
10000,84,0.12475
10000,85,0.11950000000000001
10000,86,0.11925
10000,87,0.1285
10000,88,0.12229100000000001
10000,89,0.120042
10000,90,0.11950000000000001
10000,91,0.119625
10000,92,0.119458
10000,93,0.119458
10000,94,0.119625
10000,95,0.11995800000000001
10000,96,0.119792
10000,97,0.119875
10000,98,0.119625
10000,99,0.119583
100000,0,2.27575
100000,1,1.560875
100000,2,1.570292
100000,3,1.2702499999999999
100000,4,1.021292
100000,5,0.879792
100000,6,0.803208
100000,7,0.8800840000000001
100000,8,0.806291
100000,9,0.815292
100000,10,0.7672910000000001
100000,11,0.775125
100000,12,0.774375
100000,13,0.792375
100000,14,0.800667
100000,15,0.7617499999999999
100000,16,0.753333
100000,17,0.752417
100000,18,0.7565000000000001
100000,19,0.768459
100000,20,0.857375
100000,21,0.9732090000000001
100000,22,0.958625
100000,23,0.930709
100000,24,0.76075
100000,25,0.729666
100000,26,0.703917
100000,27,0.705041
100000,28,0.716417
100000,29,1.2415
100000,30,1.1637089999999999
100000,31,1.002209
100000,32,0.89275
100000,33,0.753583
100000,34,0.766208
100000,35,0.7770830000000001
100000,36,0.732583
100000,37,0.709709
100000,38,0.716833
100000,39,0.7094999999999999
100000,40,0.954917
100000,41,1.015167
100000,42,0.922125
100000,43,0.803917
100000,44,0.724708
100000,45,0.7290000000000001
100000,46,0.713958
100000,47,0.7817500000000001
100000,48,0.807917
100000,49,0.79825
100000,50,0.745667
100000,51,0.808
100000,52,0.8375
100000,53,0.835583
100000,54,0.74975
100000,55,0.739042
100000,56,0.793125
100000,57,0.74975
100000,58,0.731916
100000,59,0.721417
100000,60,0.9650839999999999
100000,61,1.116042
100000,62,1.041917
100000,63,0.972834
100000,64,0.775417
100000,65,0.7144999999999999
100000,66,0.698334
100000,67,0.712291
100000,68,0.829542
100000,69,1.004041
100000,70,1.1095
100000,71,1.063083
100000,72,0.9971249999999999
100000,73,0.966792
100000,74,0.905416
100000,75,0.7305
100000,76,0.7006249999999999
100000,77,0.6920000000000001
100000,78,0.705583
100000,79,0.7136669999999999
100000,80,1.0466250000000001
100000,81,1.0265840000000002
100000,82,0.9813339999999999
100000,83,0.8488330000000001
100000,84,0.719875
100000,85,0.7470829999999999
100000,86,0.840583
100000,87,0.8171670000000001
100000,88,0.793125
100000,89,1.116
100000,90,1.0371670000000002
100000,91,1.053
100000,92,0.9974999999999999
100000,93,1.0125
100000,94,0.833875
100000,95,0.7407079999999999
100000,96,0.718875
100000,97,0.8417910000000001
100000,98,1.0777919999999999
100000,99,1.0180420000000001
